-- phpMyAdmin SQL Dump
-- version 5.2.1
-- https://www.phpmyadmin.net/
--
-- Host: db
-- Generation Time: Sep 20, 2024 at 03:02 PM
-- Server version: 9.0.1
-- PHP Version: 8.2.23

SET SQL_MODE = "NO_AUTO_VALUE_ON_ZERO";
START TRANSACTION;
SET time_zone = "+00:00";


/*!40101 SET @OLD_CHARACTER_SET_CLIENT=@@CHARACTER_SET_CLIENT */;
/*!40101 SET @OLD_CHARACTER_SET_RESULTS=@@CHARACTER_SET_RESULTS */;
/*!40101 SET @OLD_COLLATION_CONNECTION=@@COLLATION_CONNECTION */;
/*!40101 SET NAMES utf8mb4 */;

--
-- Database: `EduQusetVer1.5`
--

-- --------------------------------------------------------

--
-- Table structure for table `admin`
--

CREATE TABLE `admin` (
  `ID` int NOT NULL,
  `name` text NOT NULL,
  `email` varchar(50) NOT NULL,
  `password` text NOT NULL
) ENGINE=InnoDB DEFAULT CHARSET=utf8mb3;

--
-- Dumping data for table `admin`
--

INSERT INTO `admin` (`ID`, `name`, `email`, `password`) VALUES
(1, 'feel', '3', '$2b$12$1IH97d0EckeP55hsw280JuJ9yEiD3XEJhb4cUw/Zd6bL.oKty0/eO'),
(2, 'feel', 'pop', '$2b$12$NxdNumNWbNtLPibHzi/Ec.Rm1SzirBT431wNC903dK4XZsvU5AagO');

-- --------------------------------------------------------

--
-- Table structure for table `choice`
--

CREATE TABLE `choice` (
  `ID` int NOT NULL,
  `ID_Question` int NOT NULL,
  `Choice_Text` text NOT NULL,
  `Is_Correct` tinyint(1) NOT NULL
) ENGINE=InnoDB DEFAULT CHARSET=utf8mb3;

--
-- Dumping data for table `choice`
--

INSERT INTO `choice` (`ID`, `ID_Question`, `Choice_Text`, `Is_Correct`) VALUES
(1, 2, '1', 1),
(2, 2, '4', 0),
(3, 2, '3', 0),
(4, 2, '2', 0),
(9, 4, '0', 1),
(10, 4, '3', 0),
(11, 4, '5', 0),
(12, 4, '7', 0),
(13, 5, '4', 1),
(14, 5, '3', 0),
(15, 5, '5', 0),
(16, 5, '7', 0),
(17, 6, '2', 1),
(18, 6, '3', 0),
(19, 6, '5', 0),
(20, 6, '7', 0),
(21, 7, '13', 0),
(22, 7, '2', 1),
(23, 7, '32', 0),
(24, 7, '34', 0),
(25, 10, '1', 0),
(26, 10, '8', 0),
(27, 10, '0', 1),
(28, 10, '4', 0),
(29, 11, '9', 1),
(30, 11, '8', 0),
(31, 11, '7', 0),
(32, 11, '6', 0),
(33, 12, '20', 0),
(34, 12, '5', 0),
(35, 12, '0', 0),
(36, 12, '10', 1),
(37, 13, '1', 1),
(38, 13, '10', 0),
(39, 13, '21', 0),
(40, 13, '2', 0),
(41, 14, '3', 0),
(42, 14, '4', 1),
(43, 14, '5', 0),
(44, 14, '6', 0),
(45, 15, '10', 0),
(46, 15, '7', 0),
(47, 15, '1', 0),
(48, 15, '0', 1),
(49, 16, '0', 0),
(50, 16, '1', 0),
(51, 16, '2', 1),
(52, 16, '10', 0),
(53, 17, '10', 0),
(54, 17, '20', 0),
(55, 17, '30', 1),
(56, 17, '40', 0),
(57, 18, '2', 0),
(58, 18, '3', 0),
(59, 18, '5', 0),
(60, 18, '8', 1),
(61, 19, '2', 0),
(62, 19, '4', 0),
(63, 19, '6', 0),
(64, 19, '8', 1),
(65, 20, '10', 0),
(66, 20, '15', 0),
(67, 20, '30', 1),
(68, 20, '0', 0),
(69, 21, '6', 0),
(70, 21, '9', 0),
(71, 21, '15', 1),
(72, 21, '69', 0),
(73, 22, '1', 0),
(74, 22, '8', 0),
(75, 22, '9', 0),
(76, 22, '10', 1),
(77, 23, '11', 1),
(78, 23, '7', 0),
(79, 23, '4', 0),
(80, 23, '3', 0),
(81, 24, '13', 0),
(82, 24, '20', 1),
(83, 24, '7', 0),
(84, 24, '10', 0),
(89, 26, 'สองศูนย์', 0),
(90, 26, 'สิบสิบ', 0),
(91, 26, 'ยี่สิบ', 1),
(92, 26, 'สองสิบ', 0),
(93, 27, '13', 0),
(94, 27, '14', 0),
(95, 27, '43', 0),
(96, 27, '34', 1),
(97, 28, '25', 0),
(98, 28, '52', 1),
(99, 28, '42', 0),
(100, 28, '24', 0),
(101, 29, '๙๖', 0),
(102, 29, '๑๙', 0),
(103, 29, '๖๙', 1),
(104, 29, '๑๖', 0),
(105, 30, 'แปดหนึ่ง', 0),
(106, 30, 'แปดสิบหนึ่ง', 0),
(107, 30, 'แปดสิบ', 0),
(108, 30, 'แปดสิบเอ็ด', 1),
(109, 31, '99', 1),
(110, 31, '66', 0),
(111, 31, '33', 0),
(112, 31, '77', 0),
(113, 32, 'หนึ่งศูนย์ศูนย์', 0),
(114, 32, 'หนึ่งร้อย', 1),
(115, 32, 'หนึ่งสิบสิบ', 0),
(116, 32, 'สิบสิบ', 0),
(117, 33, '๑๗', 0),
(118, 33, '๗๐', 0),
(119, 33, '๗๓', 0),
(120, 33, '๗๑', 1),
(121, 34, '41', 0),
(122, 34, '21', 1),
(123, 34, '31', 0),
(124, 34, '11', 0),
(125, 35, '50', 0),
(126, 35, '56', 1),
(127, 35, '54', 0),
(128, 35, '51', 0),
(129, 36, '67 มีค่ามากกว่า 58', 1),
(130, 36, '88 มีค่าน้อยกว่า 58', 0),
(131, 36, '33 มีค่ามากกว่า 42', 0),
(132, 36, '91 มีค่าน้อยกว่า 73', 0),
(133, 37, '31 17 24 69', 0),
(134, 37, '69 24 17 31', 0),
(135, 37, '24 31 69 17', 0),
(136, 37, '17 24 31 69', 1),
(137, 38, '87 มีค่ามากกว่า 98', 0),
(138, 38, '56 มีค่ามากกว่า 49', 1),
(139, 38, '33 มีค่ามากกว่า 41', 0),
(140, 38, '21 มีค่ามากกว่า 46', 0),
(141, 39, '74 32 48 86', 0),
(142, 39, '48 32 86 74', 0),
(143, 39, '32 48 74 86', 1),
(144, 39, '86 74 48 32', 0),
(145, 40, '84', 0),
(146, 40, '79', 0),
(147, 40, '81', 0),
(148, 40, '62', 1),
(149, 41, '39', 0),
(150, 41, '49', 0),
(151, 41, '46', 0),
(152, 41, '48', 1),
(153, 42, '67 50 36 11', 1),
(154, 42, '50 67 11 36', 0),
(155, 42, '11 36 50 67', 0),
(156, 42, '36 50 11 67', 0),
(157, 43, '63 มีค่ามากกว่า 52', 0),
(158, 43, '69 มีค่าน้อยกว่า 79', 0),
(159, 43, '79 มีค่ามากกว่า 83', 1),
(160, 43, '46 มีค่าน้อยกว่า 51', 0),
(161, 44, '10 เมตร', 0),
(162, 44, '1 เมตร', 1),
(163, 44, '100 เมตร', 0),
(164, 44, '11 เมตร', 0),
(165, 45, '25', 0),
(166, 45, '45', 0),
(167, 45, '35', 1),
(168, 45, '15', 0),
(169, 46, '10', 0),
(170, 46, '30', 0),
(171, 46, '50', 0),
(172, 46, '70', 1),
(173, 47, '20', 0),
(174, 47, '40', 0),
(175, 47, '60', 1),
(176, 47, '80', 0),
(177, 48, 'ซม. ม.', 1),
(178, 48, 'ม. ซม.', 0),
(179, 48, 'มม. ม.', 0),
(180, 48, 'ม. มม.', 0),
(181, 49, '10 ม.', 0),
(182, 49, '1 ม.', 1),
(183, 49, '100 ม.', 0),
(184, 49, '1000 ม.', 0),
(185, 50, '80', 1),
(186, 50, '60', 0),
(187, 50, '40', 0),
(188, 50, '20', 0),
(189, 51, '60', 0),
(190, 51, '50', 0),
(191, 51, '40', 0),
(192, 51, '30', 1),
(193, 52, 'มากกว่า', 0),
(194, 52, 'น้อยกว่า', 0),
(195, 52, 'เท่ากัน', 1),
(196, 52, 'ไม่เท่ากัน', 0),
(197, 53, '5', 0),
(198, 53, '50', 0),
(199, 53, '500', 1),
(200, 53, '5000', 0),
(205, 55, '1', 0),
(206, 55, '10', 0),
(207, 55, '100', 0),
(208, 55, '1000', 1),
(209, 56, '1', 0),
(210, 56, '10', 1),
(211, 56, '100', 0),
(212, 56, '1000', 0),
(213, 57, '1', 0),
(214, 57, '2', 0),
(215, 57, '3', 1),
(216, 57, '30', 0),
(217, 58, '3', 0),
(218, 58, '5', 0),
(219, 58, '6', 0),
(220, 58, '9', 1),
(221, 59, '1', 0),
(222, 59, '2', 1),
(223, 59, '3', 0),
(224, 59, '5', 0),
(225, 60, '100', 0),
(226, 60, '300', 0),
(227, 60, '500', 0),
(228, 60, '700', 1),
(229, 61, '2', 1),
(230, 61, '3', 0),
(231, 61, '4', 0),
(232, 61, '5', 0),
(233, 62, 'กล. ก.', 0),
(234, 62, 'ก. กล.', 0),
(235, 62, 'กก. ก.', 0),
(236, 62, 'ก. กก.', 1),
(237, 63, '30', 0),
(238, 63, '35', 0),
(239, 63, '65', 1),
(240, 63, '70', 0),
(241, 64, '4', 0),
(242, 64, '3', 1),
(243, 64, '2', 0),
(244, 64, '1', 0),
(245, 65, '37', 0),
(246, 65, '52', 1),
(247, 65, '81', 0),
(248, 65, '98', 0),
(249, 66, '65', 0),
(250, 66, '75', 0),
(251, 66, '85', 0),
(252, 66, '95', 1),
(253, 67, '2', 0),
(254, 67, '4', 1),
(255, 67, '6', 0),
(256, 67, '8', 0),
(257, 68, '40', 0),
(258, 68, '47', 0),
(259, 68, '58', 1),
(260, 68, '69', 0),
(261, 69, '2', 1),
(262, 69, '4', 0),
(263, 69, '7', 0),
(264, 69, '9', 0),
(265, 70, '38', 0),
(266, 70, '49', 0),
(267, 70, '68', 0),
(268, 70, '74', 1),
(269, 71, '9', 0),
(270, 71, '17', 0),
(271, 71, '19', 1),
(272, 71, '29', 0),
(273, 72, '56', 0),
(274, 72, '72', 0),
(275, 72, '81', 1),
(276, 72, '84', 0),
(277, 73, '90', 0),
(278, 73, '108', 0),
(279, 73, '123', 0),
(280, 73, '132', 1),
(281, 74, '65', 0),
(282, 74, '55', 0),
(283, 74, '45', 1),
(284, 74, '35', 0),
(285, 75, '30', 0),
(286, 75, '50', 0),
(287, 75, '150', 1),
(288, 75, '350', 0),
(289, 76, '42', 1),
(290, 76, '48', 0),
(291, 76, '51', 0),
(292, 76, '59', 0),
(293, 77, '240', 0),
(294, 77, '245', 0),
(295, 77, '260', 0),
(296, 77, '275', 1),
(297, 78, '36', 0),
(298, 78, '36 บาท', 1),
(299, 78, '48', 0),
(300, 78, '48 บาท', 0),
(301, 79, '350', 0),
(302, 79, '360', 1),
(303, 79, '370', 0),
(304, 79, '380', 0),
(305, 80, '60', 0),
(306, 80, '72', 0),
(307, 80, '84', 1),
(308, 80, '96', 0),
(309, 81, '6', 0),
(310, 81, '7', 0),
(311, 81, '8', 0),
(312, 81, '9', 1),
(313, 82, '15', 0),
(314, 82, '18', 1),
(315, 82, '20', 0),
(316, 82, '24', 0),
(317, 83, '10', 0),
(318, 83, '20', 0),
(319, 83, '30', 1),
(320, 83, '40', 0),
(321, 84, '12', 0),
(322, 84, '20', 1),
(323, 84, '24', 0),
(324, 84, '36', 0),
(325, 85, '18 , 6 ', 1),
(326, 85, '6 , 18', 0),
(327, 85, '16 , 8', 0),
(328, 85, '8 , 16', 0),
(329, 86, '9', 0),
(330, 86, '15', 0),
(331, 86, '18', 0),
(332, 86, '25', 1),
(333, 87, '11', 0),
(334, 87, '12', 1),
(335, 87, '13', 0),
(336, 87, '14', 0),
(337, 88, '13 , 5', 0),
(338, 88, '5 , 13', 0),
(339, 88, '3 , 15', 0),
(340, 88, '15 , 3', 1),
(341, 89, '25', 0),
(342, 89, '35', 0),
(343, 89, '65', 1),
(344, 89, '75', 0),
(345, 90, '15', 0),
(346, 90, '25', 0),
(347, 90, '35', 1),
(348, 90, '45', 0),
(349, 91, 'สิงหาคม', 0),
(350, 91, 'กันยายน', 1),
(351, 91, 'ตุลาคม', 0),
(352, 91, 'กุมภาพันธ์', 0),
(353, 92, '13.15', 0),
(354, 92, '14.30', 0),
(355, 92, '15.30', 1),
(356, 92, '15.50', 0),
(357, 93, 'มกราคม', 0),
(358, 93, 'กุมภาพันธ์', 1),
(359, 93, 'มีนาคม', 0),
(360, 93, 'เมษายน', 0),
(361, 94, '100', 0),
(362, 94, '200', 0),
(363, 94, '300', 1),
(364, 94, '400', 0),
(365, 95, '50', 0),
(366, 95, '35', 1),
(367, 95, '30', 0),
(368, 95, '15', 0),
(369, 96, '20', 0),
(370, 96, '35', 0),
(371, 96, '40', 0),
(372, 96, '45', 1),
(373, 97, '4', 1),
(374, 97, '3', 0),
(375, 97, '2', 0),
(376, 97, 'มี 29 วัน ทุกปี', 0),
(377, 98, '1365', 0),
(378, 98, '1460', 1),
(379, 98, '1525', 0),
(380, 98, '1675', 0),
(381, 99, 'เหรียญบาท เหรียญสลึง ธนบัตร', 0),
(382, 99, 'เหรียญสลึง เหรียญบาท ธนบัตร', 1),
(383, 99, 'ธนบัตร เหรียญสลึง เหรียญบาท', 0),
(384, 99, 'ธนบัตร เหรียญบาท เหรียญสลึง', 0),
(385, 100, 'ธนบัตร 50 บาท 1 ฉบับ , ธนบัตร 20 บาท 1 ฉบับ', 1),
(386, 100, 'ธนบัตร 20 บาท 3 ฉบับ', 0),
(387, 100, 'ธนบัตร 50 บาท 1 ฉบับ', 0),
(388, 100, 'ธนบัตร 20 บาท 2 ฉบับ เหรียญ , 10 บาท 2 เหรียญ', 0),
(389, 101, 'เหรียญ 10 บาท 11 เหรียญ', 0),
(390, 101, 'ธนบัตร 50 บาท 2 ฉบับ', 0),
(391, 101, 'ธนบัตร 100 บาท 1 ฉบับ', 0),
(392, 101, 'ธนบัตร 20 บาท 6 ฉบับ', 1),
(393, 102, '15', 0),
(394, 102, '20', 0),
(395, 102, '25', 1),
(396, 102, '30', 0),
(397, 103, 'ธนบัตร 50 บาท 1 ฉบับ ธนบัตร 20 บาท 1 ฉบับ เหรียญ 25 สตางค์ 3 เหรียญ', 1),
(398, 103, 'ธนบัตร 50 บาท 1 ฉบับ ธนบัตร 20 บาท 1 ฉบับ เหรียญ 25 สตางค์ 2 เหรียญ', 0),
(399, 103, 'ธนบัตร 20 บาท 3 ฉบับ เหรียญ 25 สตางค์ 3 เหรียญ', 0),
(400, 103, 'ธนบัตร 20 บาท 3 ฉบับ เหรียญ 10 บาท 1 เหรียญ เหรียญ 25 สตางค์ 2 เหรียญ', 0),
(401, 104, 'เหรียญ 10 บาท 30 เหรียญ', 0),
(402, 104, 'ธนบัตร 20 บาท 25 ฉบับ', 1),
(403, 104, 'ธนบัตร 50 บาท 5 ฉบับ', 0),
(404, 104, 'ธนบัตร 20 บาท 10 ฉบับ ธนบัตร 50 บาท 2 ฉบับ', 0),
(405, 105, '175 บาท', 0),
(406, 105, '200 บาท', 0),
(407, 105, '235 บาท', 1),
(408, 105, '275 บาท', 0),
(409, 106, '114.25 บาท', 0),
(410, 106, '114.50 บาท', 1),
(411, 106, '114.75 บาท', 0),
(412, 106, '115.25 บาท', 0),
(413, 107, '16 บาท', 0),
(414, 107, '17 บาท', 0),
(415, 107, '18 บาท', 1),
(416, 107, '19 บาท', 0),
(417, 108, '111 บาท', 0),
(418, 108, '123 บาท', 0),
(419, 108, '132 บาท', 0),
(420, 108, '145 บาท', 1),
(421, 109, '10', 1),
(422, 109, '20', 0),
(423, 109, '30', 0),
(424, 109, '40', 0),
(425, 110, '75', 0),
(426, 110, '100', 0),
(427, 110, '125', 1),
(428, 110, '150', 0),
(429, 111, '6 , ไม่มีเศษ', 0),
(430, 111, '6 , มีเศษ', 1),
(431, 111, '7 , ไม่มีเศษ', 0),
(432, 111, '7 , มีเศษ', 0),
(433, 112, '(200/5)+(6x5)', 0),
(434, 112, '(65x2)-(125/5)', 0),
(435, 112, '(20+25)+(30+35)', 1),
(436, 112, '(85-40)+(20+40)', 0),
(437, 113, '(200/5)+(6x5)', 1),
(438, 113, '(65x2)-(125/5)', 0),
(439, 113, '(20+25)+(30+35)', 0),
(440, 113, '(85-40)+(20+40)', 0),
(441, 114, '11', 0),
(442, 114, '12', 0),
(443, 114, '13', 1),
(444, 114, '14', 0),
(445, 115, '21', 0),
(446, 115, '23', 0),
(447, 115, '25', 0),
(448, 115, '27', 1),
(449, 116, '15', 1),
(450, 116, '25', 0),
(451, 116, '35', 0),
(452, 116, '45', 0),
(453, 117, '4893 ,589 , 7760 , 1268 ,391', 0),
(454, 117, '391 , 589, 1268 , 4863 , 7760', 0),
(455, 117, '1268 , 391 , 4893 , 589 , 7760', 0),
(456, 117, '7760 , 4893 , 1268 , 589 , 391', 1),
(457, 118, '100 , 10,000 , 1,000 , 100,000', 0),
(458, 118, '100 , 1,000 , 10,000 , 100,000', 1),
(459, 118, '1,000 , 10,000 , 100,000 , 100', 0),
(460, 118, '10,000 , 1,000 , 100,000 , 100', 0),
(469, 121, '12,340 , 653 , 8,990 , 33,254', 0),
(470, 121, '653 , 33,254 , 12,340 , 8,990', 0),
(471, 121, '653 , 8,990 , 12,340 , 33,254', 1),
(472, 121, '33,254 , 12,340 , 8,990 , 653', 0),
(473, 122, '98,765 , 87,654 , 76,543 , 65,432', 1),
(474, 122, '65,432 , 76,543 , 87,654 , 98,765', 0),
(475, 122, '87,654 , 98,765 , 76,543 , 65,432', 0),
(476, 122, '76,543 , 87,654 , 98,765 , 65,432', 0),
(477, 123, '456 , 78,910 , 6,543 , 56,789', 0),
(478, 123, '78,910 , 6,543 , 456 , 56,789', 0),
(479, 123, '78,910 , 56,789 , 6,543 , 456', 1),
(480, 123, '56,789 , 456 , 6,543 , 78,910', 0),
(481, 124, '987, 4,678 , 54,321 , 87,654 ', 0),
(482, 124, '87,654 , 54,321 , 4,678 , 987', 1),
(483, 124, '87,654 , 4,678 , 54,321 , 987', 0),
(484, 124, '56,789 , 456 , 6,543 , 78,910', 0),
(489, 126, '12,345 , 9,999 , 2,222 , 123 ', 0),
(490, 126, '12,345 , 2,222 , 9,999 , 123', 0),
(491, 126, '9,999 , 12,345 , 123 , 2,222', 0),
(492, 126, '123 / 2,222 / 9,999 / 12,345', 1),
(493, 127, '39,123 , 6,234 , 71,234 , 789 ', 0),
(494, 127, '71,234 , 39,123 , 6,234 , 789', 1),
(495, 127, '6,234 , 789 , 39,123 , 71,234', 0),
(496, 127, '123 / 2,222 / 9,999 / 12,345', 0),
(497, 128, '32,833, 19,967 , 1270 , 951 , 2140', 0),
(498, 128, '1270 , 19,967 , 2140 , 32,833 , 951', 0),
(499, 128, '951, 1270 , 2140  , 19,967 , 32,833', 1),
(500, 128, '32,833, 19,967 , 2140 , 1270 , 951 ', 0),
(501, 129, '25', 1),
(502, 129, '35', 0),
(503, 129, '45', 0),
(504, 129, '55', 0),
(505, 130, '10', 0),
(506, 130, '20', 0),
(507, 130, '30', 1),
(508, 130, '40', 0),
(509, 131, '28', 0),
(510, 131, '30', 1),
(511, 131, '32', 0),
(512, 131, '36', 0),
(513, 132, '28', 1),
(514, 132, '33', 0),
(515, 132, '38', 0),
(516, 132, '43', 0),
(517, 133, '315', 0),
(518, 133, '475', 0),
(519, 133, '525', 0),
(520, 133, '675', 1),
(521, 134, '12', 0),
(522, 134, '14', 0),
(523, 134, '16', 1),
(524, 134, '18', 0),
(525, 135, '641', 0),
(526, 135, '416', 1),
(527, 135, '404', 0),
(528, 135, '516', 0),
(529, 136, '1,782', 1),
(530, 136, '1,824', 0),
(531, 136, '1,980', 0),
(532, 136, '1,660', 0),
(533, 137, '20', 0),
(534, 137, '21', 1),
(535, 137, '22', 0),
(536, 137, '23', 0),
(537, 138, '2', 0),
(538, 138, '3', 0),
(539, 138, '4', 1),
(540, 138, '5', 0),
(541, 139, '3 ถัง', 1),
(542, 139, '5 ถัง', 0),
(543, 139, '7 ถัง', 0),
(544, 139, '9 ถัง', 0),
(545, 140, '10 ', 0),
(546, 140, '5', 1),
(547, 140, '20', 0),
(548, 140, '15', 0),
(549, 141, 'ขวด 1 ลิตร มากกว่า 500 มิลลิลิตร', 0),
(550, 141, ' ขวด 1.5 ลิตร มากกว่า 100 มิลลิลิตร', 0),
(551, 141, 'ขวด 1.5 ลิตร มากกว่า 500 มิลลิลิตร', 1),
(552, 141, 'ขวด 1 ลิตร มากกว่า 100 มิลลิลิตร', 0),
(553, 142, '12', 0),
(554, 142, '13', 0),
(555, 142, '22', 1),
(556, 142, '23', 0),
(557, 143, '1.5', 0),
(558, 143, '2.5', 0),
(559, 143, '3.5', 0),
(560, 143, '4.5', 1),
(561, 144, '11', 0),
(562, 144, '12', 0),
(563, 144, '13', 1),
(564, 144, '14', 0),
(565, 145, '2750', 1),
(566, 145, '2570', 0),
(567, 145, '2275', 0),
(568, 145, '2075', 0),
(569, 146, '600', 0),
(570, 146, '625', 1),
(571, 146, '650', 0),
(572, 146, '675', 0),
(573, 147, '1/2', 1),
(574, 147, '1/3', 0),
(575, 147, '2/3', 0),
(576, 147, '3/2', 0),
(577, 148, '2/15', 0),
(578, 148, '1/5', 0),
(579, 148, '7/15', 1),
(580, 148, '3/5', 0),
(581, 149, '5/3', 0),
(582, 149, '5/4', 0),
(583, 149, '2/5', 0),
(584, 149, '3/5', 1),
(585, 150, '4/5', 0),
(586, 150, '3/4', 0),
(587, 150, '15/16', 1),
(588, 150, '12/20', 0),
(589, 151, '7/3', 1),
(590, 151, '3/5', 0),
(591, 151, '1/5', 0),
(592, 151, '7/5', 0),
(597, 153, '2/1 ถัง', 0),
(598, 153, '2/3 ถัง', 0),
(599, 153, '3/5 ถัง', 0),
(600, 153, '1/2 ถัง', 1),
(601, 154, '1/1 ถัง', 1),
(602, 154, '1/2 ถัง', 0),
(603, 154, '2/3 ถัง', 0),
(604, 154, '3/5 ถัง', 0),
(605, 155, '2/5', 1),
(606, 155, '3/5', 0),
(607, 155, '4/5', 0),
(608, 155, '1/5', 0),
(609, 156, '2/8', 0),
(610, 156, '1/5', 0),
(611, 156, '1/8', 1),
(612, 156, '2/5', 0),
(613, 157, '7', 0),
(614, 157, '5', 0),
(615, 157, '3', 1),
(616, 157, '2', 0),
(617, 158, '17.5', 0),
(618, 158, '48.1', 1),
(619, 158, '24.05', 0),
(620, 158, '34.1', 0),
(621, 159, '16.3', 1),
(622, 159, '32.6', 0),
(623, 159, '45.5', 0),
(624, 159, '22.75', 0),
(625, 160, '46.25', 0),
(626, 160, '37', 0),
(627, 160, '55.5', 0),
(628, 160, '92.5', 1),
(629, 161, '221', 0),
(630, 161, '223', 0),
(631, 161, '225', 1),
(632, 161, '227', 0),
(633, 162, '15.19', 0),
(634, 162, '11.39', 1),
(635, 162, '22.78', 0),
(636, 162, '18.22', 0),
(637, 163, '1.1', 0),
(638, 163, '1.2', 0),
(639, 163, '1.3', 1),
(640, 163, '1.4', 0),
(641, 164, '7.74', 0),
(642, 164, '10.86', 0),
(643, 164, '20.14', 1),
(644, 164, '35.24', 0),
(645, 165, '5.03', 1),
(646, 165, '6.03', 0),
(647, 165, '7.03', 0),
(648, 165, '8.03', 0),
(649, 166, '120', 0),
(650, 166, '240', 0),
(651, 166, '360', 1),
(652, 166, '480', 0),
(653, 167, '1.5 กิโลกรัม', 1),
(654, 167, '1.4 กิโลกรัม', 0),
(655, 167, '1.3 กิโลกรัม', 0),
(656, 167, '1.2 กิโลกรัม', 0),
(657, 168, '1 กิโลกรัม', 0),
(658, 168, '2', 0),
(659, 168, '3 กิโลกรัม', 0),
(660, 168, '4 กิโลกรัม', 1),
(661, 169, '15,000', 1),
(662, 169, '30,000', 0),
(663, 169, '45,000', 0),
(664, 169, '60,000', 0),
(665, 170, '150', 0),
(666, 170, '180', 1),
(667, 170, '210', 0),
(668, 170, '240', 0),
(669, 171, '4.65', 0),
(670, 171, '6.25', 1),
(671, 171, '8.75', 0),
(672, 171, '10.45', 0),
(673, 172, '400', 0),
(674, 172, '300', 0),
(675, 172, '200', 1),
(676, 172, '100', 0),
(677, 173, '32,000', 0),
(678, 173, '56,000', 0),
(679, 173, '60,000', 0),
(680, 173, '72,000', 1),
(681, 174, '165 บาท', 0),
(682, 174, '490 บาท', 0),
(683, 174, '495 บาท', 1),
(684, 174, '500 บาท', 0),
(685, 175, '5', 0),
(686, 175, '3', 0),
(687, 175, '0', 1),
(688, 175, '7', 0),
(689, 176, '2', 1),
(690, 176, '7', 0),
(691, 176, '3', 0),
(692, 176, '5', 0),
(693, 177, '32', 0),
(694, 177, '13', 0),
(695, 177, '7', 0),
(696, 177, '2', 1),
(697, 178, '2', 0),
(698, 178, '3', 0),
(699, 178, '4', 0),
(700, 178, '1', 1),
(701, 179, '3', 0),
(702, 179, '4', 1),
(703, 179, '5', 0),
(704, 179, '7', 0),
(705, 180, '6', 0),
(706, 180, '5', 0),
(707, 180, '4', 1),
(708, 180, '3', 0),
(709, 181, '10', 0),
(710, 181, '1', 1),
(711, 181, '21', 0),
(712, 181, '2', 0),
(713, 182, '7', 0),
(714, 182, '10', 0),
(715, 182, '0', 1),
(716, 182, '1', 0),
(717, 183, '6', 0),
(718, 183, '7', 1),
(719, 183, '8', 0),
(720, 183, '9', 0),
(721, 184, '20', 0),
(722, 184, '0', 0),
(723, 184, '10', 1),
(724, 184, '5', 0),
(725, 185, '4', 0),
(726, 185, '0', 1),
(727, 185, '1', 0),
(728, 185, '8', 0),
(729, 186, '11', 1),
(730, 186, '3', 0),
(731, 186, '4', 0),
(732, 186, '7', 0),
(733, 187, '1', 0),
(734, 187, '10', 1),
(735, 187, '8', 0),
(736, 187, '9', 0),
(737, 188, '7', 0),
(738, 188, '13', 0),
(739, 188, '10', 0),
(740, 188, '20', 1),
(741, 189, '69', 0),
(742, 189, '15', 1),
(743, 189, '6', 0),
(744, 189, '9', 0),
(745, 190, '8', 0),
(746, 190, '6', 1),
(747, 190, '4', 0),
(748, 190, '2', 0),
(749, 191, '0', 0),
(750, 191, '10', 0),
(751, 191, '15', 0),
(752, 191, '30', 1),
(753, 192, '10', 0),
(754, 192, '1', 0),
(755, 192, '2', 1),
(756, 192, '0', 0),
(757, 193, '8', 1),
(758, 193, '3', 0),
(759, 193, '5', 0),
(760, 193, '2', 0),
(761, 194, '20', 0),
(762, 194, '40', 0),
(763, 194, '30', 1),
(764, 194, '10', 0),
(765, 195, '๑๖', 0),
(766, 195, '๙๖', 0),
(767, 195, '๖๙', 1),
(768, 195, '๑๙', 0),
(769, 196, '33', 0),
(770, 196, '66', 0),
(771, 196, '77', 0),
(772, 196, '99', 1),
(773, 197, 'แปดสิบ', 0),
(774, 197, 'แปดสิบเอ็ด', 1),
(775, 197, 'แปดหนึ่ง', 0),
(776, 197, 'แปดสิบหนึ่ง', 0),
(777, 198, '52', 1),
(778, 198, '42', 0),
(779, 198, '24', 0),
(780, 198, '42', 0),
(781, 199, 'สิบสิบ', 0),
(782, 199, 'สองศูนย์', 0),
(783, 199, 'ยี่สิบ', 1),
(784, 199, 'สองสิบ', 0),
(785, 200, '43', 0),
(786, 200, '34', 1),
(787, 200, '13', 0),
(788, 200, '14', 0),
(789, 201, 'หนึ่งร้อย', 1),
(790, 201, 'หนึ่งศูนย์ศูนย์', 0),
(791, 201, 'สิบสิบ', 0),
(792, 201, 'หนึ่งสิบสิบ', 0),
(793, 202, '11', 0),
(794, 202, '41', 0),
(795, 202, '31', 0),
(796, 202, '21', 1),
(797, 203, '๗๓', 0),
(798, 203, '๗๐', 0),
(799, 203, '๗๑', 1),
(800, 203, '๑๗', 0),
(801, 204, '32 48 74 86', 1),
(802, 204, '86 74 48 32', 0),
(803, 204, '48 32 86 74', 0),
(804, 204, '74 32 48 86', 0),
(805, 205, '21 มีค่ามากกว่า 46', 0),
(806, 205, '33 มีค่ามากกว่า 41', 0),
(807, 205, '87 มีค่ามากกว่า 98', 0),
(808, 205, '56 มีค่ามากกว่า 49', 1),
(809, 206, '62', 1),
(810, 206, '79', 0),
(811, 206, '81', 0),
(812, 206, '84', 0),
(813, 207, '79 มีค่ามากกว่า 83', 1),
(814, 207, '46 มีค่าน้อยกว่า 51', 0),
(815, 207, '63 มีค่ามากกว่า 52', 0),
(816, 207, '69 มีค่าน้อยกว่า 79', 0),
(817, 208, '46', 0),
(818, 208, '48', 0),
(819, 208, '39', 0),
(820, 208, '49', 1),
(821, 209, '36 50 11 67', 0),
(822, 209, '11 36 50 67', 0),
(823, 209, '67 50 36 11', 1),
(824, 209, '50 67 11 36', 0),
(825, 210, '17 24 31 69', 1),
(826, 210, '24 31 69 17', 0),
(827, 210, '69 24 17 31', 0),
(828, 210, '31 17 24 69', 0),
(829, 211, '50', 0),
(830, 211, '51', 0),
(831, 211, '54', 0),
(832, 211, '56', 1),
(833, 212, '91 มีค่าน้อยกว่า 73', 0),
(834, 212, '67 มีค่ามากกว่า 58', 1),
(835, 212, '88 มีค่าน้อยกว่า 58', 0),
(836, 212, '33 มีค่ามากกว่า 42', 0),
(837, 213, '15', 0),
(838, 213, '25', 0),
(839, 213, '35', 1),
(840, 213, '45', 0),
(841, 214, '1 เมตร', 1),
(842, 214, '11 เมตร', 0),
(843, 214, '10 เมตร', 0),
(844, 214, '100 เมตร', 0),
(845, 215, '10 เมตร', 0),
(846, 215, '70 เมตร', 1),
(847, 215, '30 เมตร', 0),
(848, 215, '50 เมตร', 0),
(849, 216, '20', 0),
(850, 216, '60', 0),
(851, 216, '80', 1),
(852, 216, '40', 0),
(853, 217, 'เท่ากัน', 1),
(854, 217, 'ไม่เท่ากัน', 0),
(855, 217, 'น้อยกว่า', 0),
(856, 217, 'มากกว่า', 0),
(857, 218, '50', 0),
(858, 218, '60', 0),
(859, 218, '30', 1),
(860, 218, '40', 0),
(861, 219, '40', 0),
(862, 219, '60', 1),
(863, 219, '80', 0),
(864, 219, '20', 0),
(865, 220, '1', 1),
(866, 220, '10', 0),
(867, 220, '100', 0),
(868, 220, '1000', 0),
(869, 221, 'ม. ซม.', 0),
(870, 221, 'ม. มม.', 0),
(871, 221, 'ซม. ม.', 1),
(872, 221, 'มม. ม.', 0),
(873, 222, '100', 0),
(874, 222, '1000', 1),
(875, 222, '10', 0),
(876, 222, '1', 0),
(877, 223, '500', 1),
(878, 223, '5000', 0),
(879, 223, '5', 0),
(880, 223, '50', 0),
(881, 224, '1000', 0),
(882, 224, '1', 0),
(883, 224, '100', 0),
(884, 224, '10', 1),
(885, 225, '5', 0),
(886, 225, '1', 0),
(887, 225, '2', 1),
(888, 225, '3', 0),
(889, 226, '30', 0),
(890, 226, '3', 1),
(891, 226, '1', 0),
(892, 226, '2', 0),
(893, 227, '5', 0),
(894, 227, '6', 0),
(895, 227, '3', 0),
(896, 227, '9', 1),
(897, 228, '4', 0),
(898, 228, '5', 0),
(899, 228, '2', 1),
(900, 228, '3', 0),
(901, 229, '700', 1),
(902, 229, '500', 0),
(903, 229, '100', 0),
(904, 229, '300', 0),
(905, 230, 'ก. กก.', 1),
(906, 230, 'กล. ก.', 0),
(907, 230, 'ก. กล.', 0),
(908, 230, 'กก. ก.', 0),
(909, 231, '49', 0),
(910, 231, '74', 1),
(911, 231, '38', 0),
(912, 231, '68', 0),
(913, 232, '9', 0),
(914, 232, '7', 0),
(915, 232, '2', 1),
(916, 232, '4', 0),
(917, 233, '9', 0),
(918, 233, '17', 0),
(919, 233, '29', 0),
(920, 233, '19', 1),
(921, 234, '4', 0),
(922, 234, '3', 1),
(923, 234, '2', 0),
(924, 234, '1', 0),
(925, 235, '52', 1),
(926, 235, '3', 0),
(927, 235, '98', 0),
(928, 235, '81', 0),
(929, 236, '70', 0),
(930, 236, '30', 0),
(931, 236, '35', 0),
(932, 236, '65', 1),
(933, 237, '4', 1),
(934, 237, '8', 0),
(935, 237, '2', 0),
(936, 237, '6', 0),
(937, 238, '40', 0),
(938, 238, '47', 0),
(939, 238, '58', 1),
(940, 238, '69', 0),
(941, 239, '85', 0),
(942, 239, '65', 0),
(943, 239, '75', 0),
(944, 239, '95', 1),
(945, 240, '35', 0),
(946, 240, '45', 1),
(947, 240, '55', 0),
(948, 240, '65', 0),
(949, 241, '81', 1),
(950, 241, '84', 0),
(951, 241, '72', 0),
(952, 241, '56', 0),
(953, 242, '108', 1),
(954, 242, '132', 0),
(955, 242, '123', 0),
(956, 242, '90', 0),
(957, 243, '48', 0),
(958, 243, '48 บาท', 0),
(959, 243, '46', 0),
(960, 243, '36 บาท', 1),
(961, 244, '60', 0),
(962, 244, '84', 1),
(963, 244, '96', 0),
(964, 244, '72', 0),
(965, 245, '360', 1),
(966, 245, '380', 0),
(967, 245, '350', 0),
(968, 245, '370', 0),
(969, 246, '260', 0),
(970, 246, '240', 0),
(971, 246, '275', 1),
(972, 246, '245', 0),
(973, 247, '150', 1),
(974, 247, '30', 0),
(975, 247, '350', 0),
(976, 247, '50', 0),
(977, 248, '51', 0),
(978, 248, '42', 1),
(979, 248, '48', 0),
(980, 248, '59', 0),
(981, 249, '16 , 8', 0),
(982, 249, '8 , 16', 0),
(983, 249, '18 , 6 ', 1),
(984, 249, '6 , 18', 0),
(985, 250, '9', 0),
(986, 250, '25', 1),
(987, 250, '15', 0),
(988, 250, '18', 0),
(989, 251, '20', 1),
(990, 251, '24', 0),
(991, 251, '12', 0),
(992, 251, '36', 0),
(993, 252, '20', 0),
(994, 252, '40', 0),
(995, 252, '10', 0),
(996, 252, '30', 1),
(997, 253, '20', 0),
(998, 253, '18', 1),
(999, 253, '15', 0),
(1000, 253, '24', 0),
(1001, 254, '9', 1),
(1002, 254, '8', 0),
(1003, 254, '6', 0),
(1004, 254, '7', 0),
(1005, 255, '25', 0),
(1006, 255, '35', 0),
(1007, 255, '65', 1),
(1008, 255, '75', 0),
(1009, 256, '12', 1),
(1010, 256, '13', 0),
(1011, 256, '14', 0),
(1012, 256, '11', 0),
(1017, 258, '5 , 13', 0),
(1018, 258, '13 , 5', 0),
(1019, 258, '3 , 15', 0),
(1020, 258, '15 , 3', 1);

-- --------------------------------------------------------

--
-- Table structure for table `lesson`
--

CREATE TABLE `lesson` (
  `ID_Lesson` int NOT NULL,
  `name_lesson` text NOT NULL,
  `year` int NOT NULL
) ENGINE=InnoDB DEFAULT CHARSET=utf8mb3;

--
-- Dumping data for table `lesson`
--

INSERT INTO `lesson` (`ID_Lesson`, `name_lesson`, `year`) VALUES
(1, 'การลบ', 1),
(2, 'การบวก', 1),
(3, 'การอ่าน ตัวเลข ฮินดูอารบิกและตัวเลขไทย ที่มากกว่า 10 แต่ไม่เกิน 100', 1),
(4, 'การเปรียบเทียบและการเรียงจำนวนนับ 1 - 100', 1),
(5, 'การวัด', 1),
(6, 'การชั่ง', 1),
(7, 'การบวก ลบ ระคน', 2),
(8, 'การคูณ', 2),
(9, 'การหาร', 2),
(10, 'เวลา', 2),
(11, 'เงิน', 2),
(12, 'การบวก ลบ คูณ หาร ระคน', 2),
(13, 'เรียงลำดับจำนวนนับที่ไม่เกิน 100,000', 3),
(14, 'รูปแบบของจำนวนนับที่เพิ่มขึ้นหรือลดลงทีละเท่าๆ กัน', 3),
(15, 'การตวง', 3),
(16, 'เศษส่วน', 3),
(17, 'ทศนิยม', 3),
(18, 'การเทียบบัญญัติไตรยางค์', 3);

-- --------------------------------------------------------

--
-- Table structure for table `question`
--

CREATE TABLE `question` (
  `ID_Question` int NOT NULL,
  `QuestionText` text NOT NULL,
  `Lesson` int NOT NULL,
  `Answer` text NOT NULL,
  `RoomID` int NOT NULL,
  `Question_set` int NOT NULL
) ENGINE=InnoDB DEFAULT CHARSET=utf8mb3;

--
-- Dumping data for table `question`
--

INSERT INTO `question` (`ID_Question`, `QuestionText`, `Lesson`, `Answer`, `RoomID`, `Question_set`) VALUES
(2, '3-2', 1, '1', 3, 1),
(4, '1-1', 1, '0', 3, 1),
(5, '5-1', 1, '0', 3, 1),
(6, '11-9', 1, '0', 3, 1),
(7, '4-2', 1, '2', 3, 1),
(10, '4-4', 1, '0', 3, 2),
(11, '11-2', 1, '9', 3, 2),
(12, '15-5', 1, '10', 3, 2),
(13, '11-10', 1, '1', 3, 3),
(14, '9-5', 1, '4', 3, 3),
(15, '7-7', 1, '0', 3, 3),
(16, '2+0', 2, '2', 3, 1),
(17, '11+19', 2, '30', 3, 1),
(18, '3+5', 2, '8', 3, 1),
(19, '4+4', 2, '8', 3, 2),
(20, '15+15', 2, '30', 3, 2),
(21, '6+9', 2, '15', 3, 2),
(22, '1+9', 2, '10', 3, 3),
(23, '7+4', 2, '11', 3, 3),
(24, '13+7', 2, '20', 3, 3),
(26, '20 อ่านว่าอะไร', 3, 'ยี่สิบ', 3, 1),
(27, 'สามสิบสี่ เขียนเป็นเลขฮินดูอารบิกได้อย่างไร', 3, '34', 3, 1),
(28, '๕๒ เขียนเป็นเลขฮินดูอารบิกได้อย่างไร', 3, '52', 3, 1),
(29, '69 เขียนเป็นเลขไทยได้อย่างไร', 3, '๖๙', 3, 2),
(30, '81 อ่านว่าอะไร', 3, 'แปดสิบเอ็ด', 3, 2),
(31, '๙๙ เขียนเป็นเลขฮินดูอารบิกได้อย่างไร', 3, '99', 3, 2),
(32, '100 อ่านว่าอย่างไร', 3, 'หนึ่งร้อย', 3, 3),
(33, '71 เขียนเป็นเลขไทยได้อย่างไร', 3, '๗๑', 3, 3),
(34, 'ยี่สิบเอ็ด เขียนเป็นเลขฮินดูอารบิกได้อย่างไร', 3, '21', 3, 3),
(35, 'จำนวนใดต่อไปนี้มีค่ามากกว่า 55', 4, '56', 3, 1),
(36, 'ข้อใดต่อไปนี้ถูกต้อง', 4, '67 มีค่ามากกว่า 58', 3, 1),
(37, 'จงเรียงลำดับเลขต่อไปนี้จากน้อยไปมากให้ถูกต้อง 31 69 24 17 ', 4, '17 24 31 69', 3, 1),
(38, 'ข้อใดต่อไปนี้ถูกต้อง', 4, '56 มีค่ามากกว่า 49', 3, 2),
(39, 'จงเรียงลำดับเลขต่อไปนี้จากน้อยไปมากให้ถูกต้อง 48 32 86 74', 4, '32 48 74 86', 3, 2),
(40, 'ข้อใดมีค่าน้อยกว่า 76', 4, '62', 3, 2),
(41, 'ข้อใดมีค่ามากกว่า 48', 4, '49', 3, 3),
(42, 'จงเรียงลำดับเลขต่อไปนี้จากมากไปน้อยให้ถูกต้อง 11 50 36 67', 4, '67 50 36 11', 3, 3),
(43, 'ข้อใดต่อไปนี้ไม่ถูกต้อง', 4, '79 มีค่ามากกว่า 83', 3, 3),
(44, '100 เซนติเมตร มีค่าเท่ากับกี่เมตร', 5, '1 เมตร', 3, 1),
(45, 'มีตัวต่อยาว 15 เซนติเมตร ต้องต่อเพิ่มอีกกี่เซนติเมตรถึงจะได้ 50 เซนติเมตร', 5, '35 ', 3, 1),
(46, 'มีเชือกยาว 30 เซนติเมตร ต้องต่อเชือกอีกกี่เซนติเมตรถึงจะได้ 1 เมตร', 5, '70', 3, 1),
(47, 'กระดาษมีความยาว 1 เมตร ต้องตัดทิ้งกี่เซนติเมตรถึงจะได้ 40 เซนติเมตร', 5, '60', 3, 2),
(48, 'ข้อใคคือตัวย่อของ เซนติเมตร และ เมตร ตามลำดับ', 5, 'ซม. ม.', 3, 2),
(49, '100 ซม. มีค่าเท่ากับกี่ ม.', 5, '1 ม.', 3, 2),
(50, 'ริบบิ้นยาว 65 ซม. กับ ริบบิ้นยาว 15 ซม. เมื่อนำมามัดรวมกันจะได้กี่ ซม.', 5, '80', 3, 3),
(51, 'มีเชือกยาว 80 ซม. ต้องการตัดทิ้งให้เหลือ 50 ซม. ต้องตัดเชือกทิ้งกี่ ซม.', 5, '30', 3, 3),
(52, 'วัดความยาวไม้ได้ 1 เมตร และวัดความเชือกได้ 100 เซนติเมตร ข้อใดต่อไปนี้กล่าวถูกต้อง', 5, 'เท่ากัน', 3, 3),
(53, '5 ขีด มีค่าเท่ากับกี่กรัม', 6, '500', 3, 1),
(55, ' 1 กิโลกรัม มีค่าเท่ากับกี่กรัม', 6, '1000', 3, 1),
(56, ' 1 กิโลกรัม มีค่าเท่ากับกี่ขีด', 6, '10', 3, 1),
(57, ' เนื้อหมู 300 กรัม มีค่าเท่ากับกี่ขีด', 6, '3', 3, 2),
(58, 'ซื้อเนื้อหมู 300 กรัม และเนื้อไก่ 600 กรัม จะได้เนื้อหมูและไก่กี่ขีด', 6, '9', 3, 2),
(59, 'ปลาตัวหนึ่งหนัก 5 ขีด ต้องการซื้อ 3 ขีด จะต้องแร่ปลาออกกี่ขีด', 6, '2', 3, 2),
(60, 'ก้องมีเนื้อวัว 300 กรัม ต้องซื้อเพิ่มอีกกี่กรัมถึงจะครบ 1 กิโลกรัม ', 6, '700', 3, 3),
(61, 'ปลาหนึ่งตัวหนัก 5 ขีด ต้องซื้อปลากี่ตัวถึงจะได้ 1 กิโลกรัม ', 6, '2', 3, 3),
(62, 'ข้อใดคือตัวย่อของ กรัม และ กิโลกรัม ตามลำดับ', 6, 'ก. กก.', 3, 3),
(63, '(70-35)+30', 7, '65', 3, 1),
(64, 'น้ำต้องการใช้ปลา 20 ตัว ในการทำอาหาร แต่น้ำมีปลาอยู่แล้ว 10 ตัว และต่อมาคุณป้าข้างบ้านเอามาให้เพิ่มอีก 7 ตัว น้ำต้องซื้อปลาเพิ่มอีกกี่ตัว', 7, '3', 3, 1),
(65, '15+(80-43)', 7, '52', 3, 1),
(66, '60-10+45', 7, '95', 3, 2),
(67, 'ปันมีปากกาอยู่ 8 แท่ง หายไป 4 แท่ง เพื่อนซื้อมาคืน 2 แท่ง ต้องการซื้อให้ครบ 10 แท่ง ปันต้องซื้อปากกาเพิ่มอีกกี่แท่ง', 7, '4', 3, 2),
(68, '54-(19+15)', 7, '58', 3, 2),
(69, 'เปรี้ยวมีมะนาวอยู่ 70 ลูก ใช้ทำอาหารไปสองอย่าง คือ ปลากระพงนึ่งมะนาว 41 ลูก และ ต้มยำกุ้ง 27 ลูก หลังจากทำอาหารเสร็จเปรี้ยวจะเหลือมะนาวอยู่กี่ลูก', 7, '2', 3, 3),
(70, '43-61+(32+15)', 7, '74', 3, 3),
(71, '(31-24)+(15-3)', 7, '19', 3, 3),
(72, '9 x 9', 8, '81', 3, 1),
(73, '12 x 11', 8, '132', 3, 1),
(74, 'ยางลบ 1 ก้อน ราคา 15 บาท มานะต้องการซื้อยางลบ 3 ก้อน มานะต้องจ่ายเงินกี่บาท', 8, '45', 3, 1),
(75, '30 x 5', 8, '150', 3, 2),
(76, '6 x 7', 8, '42', 3, 2),
(77, 'มีนาปลูกต้นมะม่วง 5 ต้น โดย 1 ต้น สามารถเก็บได้ 55 ลูก ถ้ามีนาเก็บมะม่วงจากทุกต้น มีนาจะได้มะม่วงทั้งหมดกี่ลูก', 8, '275', 3, 2),
(78, 'น้ำหวานต้องการซื้อลูกอม 3 โหล โดย 1 โหล จะเท่ากับ 12 เม็ด ถ้าลูกอมเม็ดละบาท น้ำหวานจะต้องจ่ายเงินเท่าไหร่ ', 8, '36 บาท', 3, 3),
(79, '45 x 8', 8, '360', 3, 3),
(80, '7 x 12', 8, '84', 3, 3),
(81, '63 ÷ 7 ', 9, '9', 3, 1),
(82, '72 / 4', 9, '18', 3, 1),
(83, 'กล้าเลี้ยงเป็ด 300 ตัว ขายให้พ่อค้า 10 คน คนละเท่าๆกัน พ่อค้าแต่ละคนได้เป็ดไปกี่ตัว', 9, '30', 3, 1),
(84, '240 ÷ 12', 9, '20', 3, 2),
(85, '150 ÷ 8 ได้ผลลัพธ์และเศษเท่าไหร่ ตามลำดับ', 9, '18 , 6', 3, 2),
(86, 'บิวมีแอปเปิ้ล 225 ลูก แบ่งขายเป็นถุงถุงละ 9 ลูก บิวจะแบ่งแอปเปิ้ลได้ทั้งหมดกี่ถุง', 9, '25', 3, 2),
(87, '132 ÷ 11', 9, '12', 3, 3),
(88, '78 / 5 ได้ผลลัพธ์และเศษเท่าไหร่ ตามลำดับ', 9, '15 , 3', 3, 3),
(89, 'ไดม่อนมีเงินอยู่ 325 บาท บริจาคให้โรงพยาบาล 5 ที่ โรงพยาบาลแต่ที่จะได้เงินบริจาคจากไดม่อนเท่าไหร่', 9, '65', 3, 3),
(90, '5 สัปดาห์ มีทั้งหมดกี่วัน', 10, '35', 3, 1),
(91, 'เดือนใดต่อไปนี้มี 30 วัน', 10, 'กันยายน', 3, 1),
(92, 'บ่ายสามโมงครึ่ง เขียนเป็นตัวเลขได้อย่างไร', 10, '15.30', 3, 1),
(93, 'จิ๊บมีนัดไปเที่ยวกับเพื่อนอีก 3 เดือนข้างหน้า ถ้าปัจจุบันเป็นเดือนพฤศจิกายน จิ๊บจะได้ไปเที่ยวกับเพื่อนเดือนอะไร', 10, 'กุมภาพันธ์', 3, 2),
(94, '5 ชั่วโมง เท่ากับกี่นาที', 10, '300', 3, 2),
(95, 'ถ้าเข็มยาวของนาฬิกาเดินจากเลข 3 ไปถึงเลข 10 คิดเป็นเวลากี่นาที', 10, '35', 3, 2),
(96, 'แก้วออกจากบ้านตอน 6.35 น. ถึงโรเรียนเวลา 7.20 น. แก้วใช้เวลากี่นาทีในการเดินทางไปโรงเรียน', 10, '45', 3, 3),
(97, 'ถ้าในปีนี้เดือนกุมภาพันธ์มี 29 วัน อีกกี่ปี เดือนกุมภาพันธ์ถึงจะมี 29 วันอีกครั้ง', 10, '4', 3, 3),
(98, '1 ปี มี 365 วัน แล้ว 4 ปี มีทั้งหมดกี่วัน', 10, '1460', 3, 3),
(99, 'จงเรียงลำดับเงินตราต่อไปนี้จากน้อยไปมากให้ถูกต้อง', 11, 'เหรียญสลึง เหรียญบาท ธนบัตร', 3, 1),
(100, 'แป้งมีธนบัตร 100 บาท 1 ใบ ซื้อแปรงสีฟัน 10 บาท และ ยาทสีฟัน 20 บาท แป้งจะได้เงินทอนจากร้านค้าอย่างไร', 11, 'ธนบัตร 50 บาท ฉบับ 1 ธนบัตร 20 บาท 1 ฉบับ', 3, 1),
(101, 'เงินตราข้อใดต่อไปนี้มีค่ามากสุด', 11, 'ธนบัตร 20 บาท 6 ฉบับ', 3, 1),
(102, 'เหรียญ 25 สตางค์ 100 เหรียญ คิดเป็นเงินทั้งหมดกี่บาท', 11, '25', 3, 2),
(103, 'จินซื้อเครื่องเขียนเป็นเงินทั้งหมด 70.75 บาท จินต้องจ่ายเงินอย่างไร', 11, 'ธนบัตร 50 บาท 1 ฉบับ ธนบัตร 20 บาท 1 ฉบับ เหรียญ 25 สตางค์ 3 เหรียญ', 3, 2),
(104, 'ข้อใดต่อไปนี้มีค่ามากกว่า ธนบัตร 100 บาท 3 ฉบับ', 11, 'ธนบัตร 20 บาท 25 ฉบับ', 3, 2),
(105, 'ปอนมีเงินอยู่ 75 บาท แม่ให้ธนบัตร 20 บาท 3 ใบ พ่อให้ธนบัตร 50 บาท 2 ใบ ปอนมีเงินทั้งหมดเท่าไหร่', 11, '235 บาท', 3, 3),
(106, 'เสือมีเงินอยู่ 175.25 บาท ฝากแม่ไว้ 60.75 บาท เสือเหลือเงินอยู่เท่าไร', 11, '114.50 บาท', 3, 3),
(107, 'ขายน้ำแดง 3 ขวด ราคาขวดละ 20.50 บาท และน้ำตาล 4 ถุง ราคา 35.25 บาท ได้รับธนบัตร 100 บาท มา 2 ฉบับ จะต้องทอนเงินให้ลูกค้าเท่าไร', 11, '18 บาท', 3, 3),
(108, '(15 x 8) + (47-22)', 12, '145', 3, 1),
(109, '(500-250)÷(15+10) ', 12, '10', 3, 1),
(110, 'จันทร์ขายปลา 6 ตัว ตัวละ 75 บาท จากนำเงินที่ได้ซื้อหมูขีดละ 65 บาท 5 ขีด จันทร์เหลือเงินเท่าไหร่', 12, '125', 3, 1),
(111, '(75+20)/15 ได้ผลลัพธ์ มีเศษหรือไม่', 12, '6 , มีเศษ', 3, 2),
(112, '(63÷7)x(81-69) ข้อใดต่อไปนี้มีค่ามากกว่าผลลัพธ์ของโจทย์', 12, '(20+25)+(30+35)', 3, 2),
(113, 'ข้อใดต่อไปนี้มีค่าน้อยกว่า 100', 12, '(200/5)+(6x5)', 3, 2),
(114, '(10x20)-(30+40) ตัวเลือกใดหารผลลัพธ์ของโจทย์ลงตัว', 12, '13', 3, 3),
(115, '(10+20)-(120/40) ได้ผลลัพธ์เท่าไหร่', 12, '27', 3, 3),
(116, '45 75 150 ข้อใดหารเลขทุกตัวในโจทย์ได้ลงตัว', 12, '15', 3, 3),
(117, '4893 ,589 , 7760 , 1268 ,391 จงเรียงลำดับจากมากไปน้อย', 13, '7760 ,4893 ,1268 ,589 ,391', 3, 1),
(118, 'ข้อใดเรียงลำดับจากน้อยไปมากได้ถูกต้อง', 13, '100 , 1,000 , 10,000 , 100,000', 3, 1),
(121, 'ข้อใดเรียงลำดับจากน้อยไปมากได้ถูกต้อง', 13, '653 , 8,990 , 12,340 , 33,254', 3, 1),
(122, 'ข้อใดเรียงลำดับจากมากไปน้อยได้ถูกต้อง', 13, '98,765 , 87,654 , 76,543 , 65,432', 3, 2),
(123, 'ข้อใดเรียงลำดับจากมากไปน้อยได้ถูกต้อง', 13, '78,910 , 56,789 , 6,543 , 456', 3, 2),
(124, '4,678 , 87,654 , 987 , 54,321 ข้อใดเรียงลำดับจากมากไปน้อยได้ถูกต้อง', 13, '87,654 , 54,321 , 4,678 , 987', 3, 2),
(126, 'ข้อใดเรียงลำดับจากน้อยไปมากได้ถูกต้อง', 13, '123 , 2,222 , 9,999 , 12,345', 3, 3),
(127, 'ข้อใดเรียงลำดับจากมากไปน้อยได้ถูกต้อง', 13, '71,234 , 39,123 , 6,234 , 789', 3, 3),
(128, '2140 , 19,967 , 1270 , 951 , 32,833 ข้อใดเรียงลำดับตัวเลขจากโจทย์จากน้อยไปมากได้ถูกต้อง', 13, '2140 , 19,967 , 1270 , 951 , 32,833', 3, 3),
(129, 'จงหาจำนวนถัดไปในลำดับนี้: 5, 10, 15, 20, ___', 14, '25', 3, 1),
(130, 'จงหาจำนวนถัดไปในลำดับนี้: 50, 45, 40, 35, ___', 14, '30', 3, 1),
(131, 'จงหาจำนวนถัดไปในลำดับนี้: 6, 12, 18, 24, ___', 14, '30', 3, 1),
(132, 'จงหาจำนวนถัดไปในลำดับนี้: 8, 13, 18, 23, ___', 14, '28', 3, 2),
(133, 'จงหาจำนวนถัดไปในลำดับนี้: 3, 15, 75, 225, ___', 14, '675', 3, 2),
(134, 'จงหาจำนวนถัดไปในลำดับนี้: 256, 128, 64, 32, ___', 14, '16', 3, 2),
(135, 'จงหาจำนวนถัดไปในลำดับนี้: 26, 52, 104, 208, ___', 14, '416', 3, 3),
(136, 'จงหาจำนวนถัดไปในลำดับนี้: 22, 66, 198, 594, ___', 14, '1,782', 3, 3),
(137, 'จงหาจำนวนถัดไปในลำดับนี้: 9, 12, 15, 18, ___', 14, '21', 3, 3),
(138, 'นมกล่อง 1 กล่องมีปริมาตร 250 มิลลิลิตร ถ้าต้องการนม 1 ลิตร ต้องใช้กี่กล่อง', 15, '4', 3, 1),
(139, 'ถังน้ำใบหนึ่งบรรจุน้ำได้ 10 ลิตร ถ้าต้องการน้ำ 30 ลิตร ต้องใช้ถังน้ำกี่ใบ', 15, '3 ถัง', 3, 1),
(140, 'ถังน้ำขนาด 20 ลิตร มีน้ำอยู่ครึ่งถัง ถ้าต้องการน้ำอีก 15 ลิตร จะต้องเติมน้ำอีกกี่ลิตร?', 15, '5', 3, 1),
(141, 'ขวดน้ำขนาด 1 ลิตร และขวดน้ำขนาด 1.5 ลิตร ขวดไหนบรรจุน้ำได้มากกว่า และมากกว่ากี่มิลลิลิตร?', 15, 'ขวด 1.5 ลิตร มากกว่า 500 มิลลิลิตร', 3, 2),
(142, 'ถังน้ำ 2 ใบ ใบแรกบรรจุน้ำได้ 10 ลิตร และใบที่สองบรรจุน้ำได้ 12 ลิตร ถ้ารวมกันจะมีน้ำทั้งหมดกี่ลิตร?', 15, '22', 3, 2),
(143, 'ขวดน้ำขนาด 500 มิลลิลิตร 3 ขวด กับขวดน้ำขนาด 1 ลิตร 3 ขวด จะได้น้ำรวมกันกี่ลิตร?', 15, '4.5', 3, 2),
(144, 'น้ำเต็มถังในถังขนาด 18 ลิตร ถูกใช้ไป 10 ลิตร แล้วจากนั้นจึงเติมเพิ่มอีก 5 ลิตร จะเหลือน้ำอีกกี่ลิตร', 15, '13', 3, 3),
(145, 'น้ำ 2.75 ลิตร มีค่าเท่ากับกี่มิลลิลิตร?', 15, '2750', 3, 3),
(146, 'น้ำแอปเปิ้ล 750 มิลลิลิตร น้ำลิ้นจี่ 500 มิลลิลิตร ถ้านำน้ำทั้งสองอย่าลครึ่งมาผสมรวมกันจะได้กี่มิลลิลิตร', 15, '625', 3, 3),
(147, '(3/2) − (6/1) = ? ', 16, '1/2', 3, 1),
(148, '(2/5) + (1/15) = ? ', 16, '7/15', 3, 1),
(149, '(3/4) x (4/5) = ? ', 16, '3/5', 3, 1),
(150, '(4/5) ÷ (3/4) = ? ', 16, '15/16', 3, 2),
(151, '35/15 มีค่าเท่ากับข้อใด', 16, '7/3', 3, 2),
(153, 'น้ำครึ่งถัง เขียนเป็นเศษส่วนได้ยังไง', 16, '1/2', 3, 2),
(154, 'มีถังน้ำอยู่ 3 ถัง ถังที่ 1 มีน้ำอยู่ 3/4 ถัง ถังที่ 1/4 ถัง ถังทั้ง 3 ใบมีความจุ 1 ลิตร ถังน้ำจากทั้งสองทั้งมาใส่ในถังที่ 3 เขียนเป็นเศษส่วนยังไง', 16, '1/1', 3, 3),
(155, 'นิดซื้อน้ำส้ม 3/5 ลิตร แล้วเทใส่แก้วไป 2/5 ลิตร ตอนนี้นิดเหลือน้ำส้มอยู่กี่ลิตร', 16, '1/5', 3, 3),
(156, 'มีน้ำผลไม้ในขวด 5/8 ลิตร และเทออกไป 2/4 ลิตร ตอนนี้เหลือน้ำผลไม้กี่ลิตร', 16, '1/8', 3, 3),
(157, 'แพรวมีน้ำผลไม้อยู่ในแก้ว 3.75 ลิตร เติมเพิ่มอีก 1.25 ลิตร ตอนนี้แพรวมีน้ำผลไม้อยู่ในแก้วทั้งหมดกี่ลิตร?', 17, '5', 3, 1),
(158, 'ซานมีสตรอเบอร์รี่ 32.8 กิโลกรัม และซื้อเพิ่มอีก 15.3 กิโลกรัม ตอนนี้ซานมีกี่กิโลกรัม', 17, '48.1', 3, 1),
(159, 'มีลูกโป่ง 30.9 ลูก และแบ่งให้เพื่อน 14.6 ลูก ตอนนี้เหลือลูกโป่งกี่ลูก', 17, '16.3', 3, 1),
(160, 'ซานมีน้ำในขวด 18.5 ลิตร ถ้าเอามาเพิ่มอีก 5 ขวด จะมีน้ำทั้งหมดกี่ลิตร', 17, '92.5', 3, 2),
(161, '12.5 x 20.4', 17, '225', 3, 2),
(162, '45.56 ÷ 4', 17, '11.39', 3, 2),
(163, 'ชมพู่มีกระดาษยาว 3.9 นิ้ว และต้องแบ่งให้ 3 คน เท่ากัน แต่ละคนจะได้กระดาษกี่นิ้ว', 17, '1.3', 3, 3),
(164, '7.24 x 1.5', 17, '10.86', 3, 3),
(165, '65.39 / 13', 17, '5.03', 3, 3),
(166, 'หมวก 4 ใบ ราคา 240 บาท หมวก 6 ใบ จะมีราคาเท่าไหร่?', 18, '360', 3, 1),
(167, 'ขนม 6 ชิ้น หนัก 900 กรัม ขนม 10 ชิ้น จะมีน้ำหนักเท่าไหร่', 18, '1.5 กิโลกรัม', 3, 1),
(168, 'มะม่วง 5 ลูก หนัก 2.5 กิโลกรัม มะม่วง 8 ลูก จะมีน้ำหนักเท่าไหร่', 18, '4 กิโลกรัม', 3, 1),
(169, 'ตู้เย็น 3 ตู้ ราคา 15,000 บาท ตู้เย็น 9 ตู้ จะมีราคาเท่าไหร่', 18, '45,000', 3, 2),
(170, 'ผ้ายาว 4 เมตร ราคา 120 บาท ถ้าต้องการผ้ายาว 6 เมตร จะต้องจ่ายเงินเท่าไหร่', 18, '180', 3, 2),
(171, 'ส้มปั่นจักรยาน 20 นาที ได้ระยะทาง 2.5 กิโลเมตร ถ้าส้มปั่นจักรยานอีก 30 นาที จะได้ระยะทางกี่กิโลเมตร', 18, '6.25', 3, 2),
(172, 'รถบัส 2 คัน สามารถรับผู้โดยสารได้ 80 คน ถ้ารถบัส 5 คันจะรับผู้โดยสารได้ทั้งหมดกี่คน', 18, '200', 3, 3),
(173, 'ซื้อคอมพิวเตอร์ 2 เครื่อง ราคา 48,000 บาท คอมพิวเตอร์ 3 เครื่อง จะต้องใช้เงินเท่าไหร่', 18, '72,000', 3, 3),
(174, 'ขนม 3 ห่อ ราคาห่อละ 55 บาท ซื้อขนม 9 ห่อ จะต้องจ่ายเงินเท่าไหร่', 18, '495 บาท', 3, 3),
(175, '1-1', 1, '0', 2, 3),
(176, '11-9', 1, '2', 2, 3),
(177, '4-2', 1, '2', 2, 3),
(178, '3-2', 1, '1', 2, 3),
(179, '5-1', 1, '4', 2, 3),
(180, '9-5', 1, '4', 2, 2),
(181, '11-10', 1, '1', 2, 2),
(182, '7-7', 1, '0', 2, 2),
(183, '11-2', 1, '7', 2, 1),
(184, '15-5', 1, '10', 2, 1),
(185, '4-4', 1, '0', 2, 1),
(186, '7+4', 2, '11', 2, 1),
(187, '1+9', 2, '10', 2, 1),
(188, '13+7', 2, '20', 2, 1),
(189, '6+9', 2, '15', 2, 2),
(190, '4+4', 2, '8', 2, 2),
(191, '15+15', 2, '30', 2, 2),
(192, '2+0', 2, '2', 2, 3),
(193, '3+5', 2, '8', 2, 3),
(194, '11+19', 2, '30', 2, 3),
(195, '69 เขียนเป็นเลขไทยได้อย่างไร', 3, '๖๙', 2, 1),
(196, '๙๙ เขียนเป็นเลขฮินดูอารบิกได้อย่างไร', 3, '99', 2, 1),
(197, '81 อ่านว่าอะไร', 3, 'แปดสิบเอ็ด', 2, 1),
(198, '๕๒ เขียนเป็นเลขฮินดูอารบิกได้อย่างไร', 3, '52', 2, 2),
(199, '20 อ่านว่าอะไร', 3, 'ยี่สิบ', 2, 2),
(200, 'สามสิบสี่ เขียนเป็นเลขฮินดูอารบิกได้อย่างไร', 3, '34', 2, 2),
(201, '100 อ่านว่าอย่างไร', 3, 'หนึ่งร้อย', 2, 3),
(202, 'ยี่สิบเอ็ด เขียนเป็นเลขฮินดูอารบิกได้อย่างไร', 3, '21', 2, 3),
(203, '71 เขียนเป็นเลขไทยได้อย่างไร', 3, '๗๑', 2, 3),
(204, 'จงเรียงลำดับเลขต่อไปนี้จากน้อยไปมากให้ถูกต้อง 48 32 86 74', 4, '32 48 74 86', 2, 1),
(205, 'ข้อใดต่อไปนี้ถูกต้อง', 4, '56 มีค่ามากกว่า 49', 2, 1),
(206, 'ข้อใดมีค่าน้อยกว่า 76', 4, '56 มีค่ามากกว่า 49', 2, 1),
(207, 'ข้อใดต่อไปนี้ไม่ถูกต้อง', 4, '79 มีค่ามากกว่า 83', 2, 2),
(208, 'ข้อใดมีค่ามากกว่า 48', 4, '49', 2, 2),
(209, 'จงเรียงลำดับเลขต่อไปนี้จากมากไปน้อยให้ถูกต้อง 11 50 36 67', 4, '67 50 36 11', 2, 2),
(210, 'จงเรียงลำดับเลขต่อไปนี้จากน้อยไปมากให้ถูกต้อง 31 69 24 17 ', 4, '17 24 31 69', 2, 3),
(211, 'จำนวนใดต่อไปนี้มีค่ามากกว่า 55', 4, '17 24 31 69', 2, 3),
(212, 'ข้อใดต่อไปนี้ถูกต้อง', 4, '67 มีค่ามากกว่า 58', 2, 3),
(213, 'มีตัวต่อยาว 15 เซนติเมตร ต้องต่อเพิ่มอีกกี่เซนติเมตรถึงจะได้ 50 เซนติเมตร', 5, '35', 2, 1),
(214, '100 เซนติเมตร มีค่าเท่ากับกี่เมตร', 5, '1 เมตร', 2, 1),
(215, 'มีเชือกยาว 30 เซนติเมตร ต้องต่อเชือกอีกกี่เซนติเมตรถึงจะได้ 1 เมตร', 5, '70 เมตร', 2, 1),
(216, 'ริบบิ้นยาว 65 ซม. กับ ริบบิ้นยาว 15 ซม. เมื่อนำมามัดรวมกันจะได้กี่ ซม.', 5, '80', 2, 2),
(217, 'วัดความยาวไม้ได้ 1 เมตร และวัดความเชือกได้ 100 เซนติเมตร ข้อใดต่อไปนี้กล่าวถูกต้อง', 5, 'เท่ากัน', 2, 2),
(218, 'มีเชือกยาว 80 ซม. ต้องการตัดทิ้งให้เหลือ 50 ซม. ต้องตัดเชือกทิ้งกี่ ซม.', 5, '30', 2, 2),
(219, 'กระดาษมีความยาว 1 เมตร ต้องตัดทิ้งกี่เซนติเมตรถึงจะได้ 40 เซนติเมตร', 5, '60', 2, 3),
(220, '100 ซม. มีค่าเท่ากับกี่ ม.', 5, '1', 2, 3),
(221, 'ข้อใคคือตัวย่อของ เซนติเมตร และ เมตร ตามลำดับ', 5, '1', 2, 3),
(222, ' 1 กิโลกรัม มีค่าเท่ากับกี่กรัม', 6, '1000', 2, 1),
(223, '5 ขีด มีค่าเท่ากับกี่กรัม', 6, '500', 2, 1),
(224, '1 กิโลกรัม มีค่าเท่ากับกี่ขีด', 6, '10', 2, 1),
(225, 'ปลาตัวหนึ่งหนัก 5 ขีด ต้องการซื้อ 3 ขีด จะต้องแร่ปลาออกกี่ขีด', 6, '2', 2, 2),
(226, 'เนื้อหมู 300 กรัม มีค่าเท่ากับกี่ขีด', 6, '3', 2, 2),
(227, 'ซื้อเนื้อหมู 300 กรัม และเนื้อไก่ 600 กรัม จะได้เนื้อหมูและไก่กี่ขีด', 6, '9', 2, 2),
(228, 'ปลาหนึ่งตัวหนัก 5 ขีด ต้องซื้อปลากี่ตัวถึงจะได้ 1 กิโลกรัม ', 6, '2', 2, 3),
(229, 'ก้องมีเนื้อวัว 300 กรัม ต้องซื้อเพิ่มอีกกี่กรัมถึงจะครบ 1 กิโลกรัม', 6, '700', 2, 3),
(230, 'ข้อใดคือตัวย่อของ กรัม และ กิโลกรัม ตามลำดับ', 6, 'ก. กก.', 2, 3),
(231, '43-61+(32+15)', 7, '74', 2, 1),
(232, 'เปรี้ยวมีมะนาวอยู่ 70 ลูก ใช้ทำอาหารไปสองอย่าง คือ ปลากระพงนึ่งมะนาว 41 ลูก และ ต้มยำกุ้ง 27 ลูก หลังจากทำอาหารเสร็จเปรี้ยวจะเหลือมะนาวอยู่กี่ลูก', 7, '2', 2, 1),
(233, '(31-24)+(15-3)', 7, '19', 2, 1),
(234, 'น้ำต้องการใช้ปลา 20 ตัว ในการทำอาหาร แต่น้ำมีปลาอยู่แล้ว 10 ตัว และต่อมาคุณป้าข้างบ้านเอามาให้เพิ่มอีก 7 ตัว น้ำต้องซื้อปลาเพิ่มอีกกี่ตัว', 7, '3', 2, 2),
(235, '15+(80-43)', 7, '52', 2, 2),
(236, '(70-35)+30', 7, '65', 2, 2),
(237, 'ปันมีปากกาอยู่ 8 แท่ง หายไป 4 แท่ง เพื่อนซื้อมาคืน 2 แท่ง ต้องการซื้อให้ครบ 10 แท่ง ปันต้องซื้อปากกาเพิ่มอีกกี่แท่ง', 7, '4', 2, 3),
(238, '54-(19+15)', 7, '58', 2, 3),
(239, '60-10+45', 7, '95', 2, 3),
(240, 'ยางลบ 1 ก้อน ราคา 15 บาท มานะต้องการซื้อยางลบ 3 ก้อน มานะต้องจ่ายเงินกี่บาท', 8, '45', 2, 1),
(241, '9 x 9', 8, '81', 2, 1),
(242, '12 x 11', 8, '132', 2, 1),
(243, 'น้ำหวานต้องการซื้อลูกอม 3 โหล โดย 1 โหล จะเท่ากับ 12 เม็ด ถ้าลูกอมเม็ดละบาท น้ำหวานจะต้องจ่ายเงินเท่าไหร่ ', 8, '36 บาท', 2, 2),
(244, '7 x 12', 8, '84', 2, 2),
(245, '45 x 8', 8, '360', 2, 2),
(246, 'มีนาปลูกต้นมะม่วง 5 ต้น โดย 1 ต้น สามารถเก็บได้ 55 ลูก ถ้ามีนาเก็บมะม่วงจากทุกต้น มีนาจะได้มะม่วงทั้งหมดกี่ลูก', 8, '275', 2, 3),
(247, '30 x 5', 8, '275', 2, 3),
(248, '6 x 7', 8, '42', 2, 3),
(249, '150 ÷ 8 ได้ผลลัพธ์และเศษเท่าไหร่ ตามลำดับ', 9, '18 , 6', 2, 1),
(250, 'บิวมีแอปเปิ้ล 225 ลูก แบ่งขายเป็นถุงถุงละ 9 ลูก บิวจะแบ่งแอปเปิ้ลได้ทั้งหมดกี่ถุง', 9, '25', 2, 1),
(251, '240 ÷ 12', 9, '20', 2, 1),
(252, 'กล้าเลี้ยงเป็ด 300 ตัว ขายให้พ่อค้า 10 คน คนละเท่าๆกัน พ่อค้าแต่ละคนได้เป็ดไปกี่ตัว', 9, '30', 2, 2),
(253, '72 / 4', 9, '18', 2, 2),
(254, '63 ÷ 7 ', 9, '9', 2, 2),
(255, 'ไดม่อนมีเงินอยู่ 325 บาท บริจาคให้โรงพยาบาล 5 ที่ โรงพยาบาลแต่ที่จะได้เงินบริจาคจากไดม่อนเท่าไหร่', 9, '65', 2, 3),
(256, '132 ÷ 11', 9, '12', 2, 3),
(258, '78 / 5 ได้ผลลัพธ์และเศษเท่าไหร่ ตามลำดับ', 9, '12', 2, 3);

-- --------------------------------------------------------

--
-- Table structure for table `room`
--

CREATE TABLE `room` (
  `ID_Room` int NOT NULL,
  `Owner_admin` int NOT NULL,
  `name` varchar(50) NOT NULL,
  `key` varchar(4) NOT NULL,
  `year` int NOT NULL
) ENGINE=InnoDB DEFAULT CHARSET=utf8mb3;

--
-- Dumping data for table `room`
--

INSERT INTO `room` (`ID_Room`, `Owner_admin`, `name`, `key`, `year`) VALUES
(1, 1, 'ป.1/1', '', 1),
(2, 2, 'ป.2/2', 'I92D', 2),
(3, 2, 'ป.3/3', 'ZHJD', 3);

-- --------------------------------------------------------

--
-- Table structure for table `scorehistory`
--

CREATE TABLE `scorehistory` (
  `ID_ScoreHistory` int NOT NULL,
  `Score` int NOT NULL,
  `total_question` int NOT NULL,
  `Date` date NOT NULL,
  `UserID` int NOT NULL,
  `Lesson` int NOT NULL,
  `Question_set` int NOT NULL
) ENGINE=InnoDB DEFAULT CHARSET=utf8mb3;

--
-- Dumping data for table `scorehistory`
--

INSERT INTO `scorehistory` (`ID_ScoreHistory`, `Score`, `total_question`, `Date`, `UserID`, `Lesson`, `Question_set`) VALUES
(5, 4, 4, '2024-09-16', 1, 1, 1),
(7, 1, 4, '2018-07-27', 1, 1, 2);

-- --------------------------------------------------------

--
-- Table structure for table `user`
--

CREATE TABLE `user` (
  `ID` int NOT NULL,
  `name` text NOT NULL,
  `email` varchar(50) NOT NULL,
  `password` text NOT NULL,
  `RoomID` int DEFAULT NULL
) ENGINE=InnoDB DEFAULT CHARSET=utf8mb3;

--
-- Dumping data for table `user`
--

INSERT INTO `user` (`ID`, `name`, `email`, `password`, `RoomID`) VALUES
(1, 'feel', 'ku', '$2b$12$1IH97d0EckeP55hsw280JuJ9yEiD3XEJhb4cUw/Zd6bL.oKty0/eO', 3),
(3, 'paper', 'cat', '$2b$12$RdKe/ZxU9N2vCfXOd/a/Tus513Xcy5VJn66CPVW4CAnhpfTmxyM1.', 3);

-- --------------------------------------------------------

--
-- Table structure for table `userans`
--

CREATE TABLE `userans` (
  `ID` int NOT NULL,
  `ID_SocreHistory` int NOT NULL,
  `ID_Choice` int NOT NULL
) ENGINE=InnoDB DEFAULT CHARSET=utf8mb3;

--
-- Dumping data for table `userans`
--

INSERT INTO `userans` (`ID`, `ID_SocreHistory`, `ID_Choice`) VALUES
(3, 5, 1),
(5, 5, 9),
(6, 5, 13),
(7, 5, 17),
(8, 7, 1),
(10, 7, 9),
(11, 7, 13),
(12, 7, 20);

--
-- Indexes for dumped tables
--

--
-- Indexes for table `admin`
--
ALTER TABLE `admin`
  ADD PRIMARY KEY (`ID`);

--
-- Indexes for table `choice`
--
ALTER TABLE `choice`
  ADD PRIMARY KEY (`ID`),
  ADD KEY `ID_Question` (`ID_Question`);

--
-- Indexes for table `lesson`
--
ALTER TABLE `lesson`
  ADD PRIMARY KEY (`ID_Lesson`);

--
-- Indexes for table `question`
--
ALTER TABLE `question`
  ADD PRIMARY KEY (`ID_Question`),
  ADD KEY `Lesson` (`Lesson`),
  ADD KEY `RoomID` (`RoomID`);

--
-- Indexes for table `room`
--
ALTER TABLE `room`
  ADD PRIMARY KEY (`ID_Room`),
  ADD KEY `Owner_admin` (`Owner_admin`);

--
-- Indexes for table `scorehistory`
--
ALTER TABLE `scorehistory`
  ADD PRIMARY KEY (`ID_ScoreHistory`),
  ADD KEY `UserID` (`UserID`),
  ADD KEY `Lesson` (`Lesson`);

--
-- Indexes for table `user`
--
ALTER TABLE `user`
  ADD PRIMARY KEY (`ID`),
  ADD KEY `RoomID` (`RoomID`);

--
-- Indexes for table `userans`
--
ALTER TABLE `userans`
  ADD PRIMARY KEY (`ID`),
  ADD KEY `ID_SocreHistory` (`ID_SocreHistory`),
  ADD KEY `ID_Choce` (`ID_Choice`);

--
-- AUTO_INCREMENT for dumped tables
--

--
-- AUTO_INCREMENT for table `admin`
--
ALTER TABLE `admin`
  MODIFY `ID` int NOT NULL AUTO_INCREMENT, AUTO_INCREMENT=3;

--
-- AUTO_INCREMENT for table `choice`
--
ALTER TABLE `choice`
  MODIFY `ID` int NOT NULL AUTO_INCREMENT, AUTO_INCREMENT=1021;

--
-- AUTO_INCREMENT for table `lesson`
--
ALTER TABLE `lesson`
  MODIFY `ID_Lesson` int NOT NULL AUTO_INCREMENT, AUTO_INCREMENT=19;

--
-- AUTO_INCREMENT for table `question`
--
ALTER TABLE `question`
  MODIFY `ID_Question` int NOT NULL AUTO_INCREMENT, AUTO_INCREMENT=259;

--
-- AUTO_INCREMENT for table `room`
--
ALTER TABLE `room`
  MODIFY `ID_Room` int NOT NULL AUTO_INCREMENT, AUTO_INCREMENT=4;

--
-- AUTO_INCREMENT for table `scorehistory`
--
ALTER TABLE `scorehistory`
  MODIFY `ID_ScoreHistory` int NOT NULL AUTO_INCREMENT, AUTO_INCREMENT=8;

--
-- AUTO_INCREMENT for table `user`
--
ALTER TABLE `user`
  MODIFY `ID` int NOT NULL AUTO_INCREMENT, AUTO_INCREMENT=5;

--
-- AUTO_INCREMENT for table `userans`
--
ALTER TABLE `userans`
  MODIFY `ID` int NOT NULL AUTO_INCREMENT, AUTO_INCREMENT=13;

--
-- Constraints for dumped tables
--

--
-- Constraints for table `choice`
--
ALTER TABLE `choice`
  ADD CONSTRAINT `1` FOREIGN KEY (`ID_Question`) REFERENCES `question` (`ID_Question`) ON DELETE CASCADE ON UPDATE CASCADE;

--
-- Constraints for table `question`
--
ALTER TABLE `question`
  ADD CONSTRAINT `question_ibfk_1` FOREIGN KEY (`Lesson`) REFERENCES `lesson` (`ID_Lesson`) ON DELETE CASCADE ON UPDATE CASCADE,
  ADD CONSTRAINT `question_ibfk_2` FOREIGN KEY (`RoomID`) REFERENCES `room` (`ID_Room`) ON DELETE CASCADE ON UPDATE CASCADE;

--
-- Constraints for table `room`
--
ALTER TABLE `room`
  ADD CONSTRAINT `room_ibfk_1` FOREIGN KEY (`Owner_admin`) REFERENCES `admin` (`ID`) ON DELETE CASCADE ON UPDATE CASCADE;

--
-- Constraints for table `scorehistory`
--
ALTER TABLE `scorehistory`
  ADD CONSTRAINT `scorehistory_ibfk_1` FOREIGN KEY (`UserID`) REFERENCES `user` (`ID`) ON DELETE CASCADE ON UPDATE CASCADE,
  ADD CONSTRAINT `scorehistory_ibfk_2` FOREIGN KEY (`Lesson`) REFERENCES `lesson` (`ID_Lesson`) ON DELETE CASCADE ON UPDATE CASCADE;

--
-- Constraints for table `user`
--
ALTER TABLE `user`
  ADD CONSTRAINT `user_ibfk_1` FOREIGN KEY (`RoomID`) REFERENCES `room` (`ID_Room`) ON DELETE CASCADE ON UPDATE CASCADE;

--
-- Constraints for table `userans`
--
ALTER TABLE `userans`
  ADD CONSTRAINT `choce_1` FOREIGN KEY (`ID_Choice`) REFERENCES `choice` (`ID`) ON DELETE CASCADE ON UPDATE CASCADE,
  ADD CONSTRAINT `choce_2` FOREIGN KEY (`ID_SocreHistory`) REFERENCES `scorehistory` (`ID_ScoreHistory`) ON DELETE CASCADE ON UPDATE CASCADE;
COMMIT;

/*!40101 SET CHARACTER_SET_CLIENT=@OLD_CHARACTER_SET_CLIENT */;
/*!40101 SET CHARACTER_SET_RESULTS=@OLD_CHARACTER_SET_RESULTS */;
/*!40101 SET COLLATION_CONNECTION=@OLD_COLLATION_CONNECTION */;
